INSERT INTO PERMISSION (ID, UNIQUE_NAME, DESCRIPTION, VERSION, CREATED_BY_USER, MODIFIED_BY_USER, TIME_CREATED, TIME_UPDATED) VALUES ('4781E7D9752D4D35B9DAD157ED2574FF', 'CREATE_USER', 'Create user', 0, NULL, NULL, NOW(), NOW());
INSERT INTO PERMISSION (ID, UNIQUE_NAME, DESCRIPTION, VERSION, CREATED_BY_USER, MODIFIED_BY_USER, TIME_CREATED, TIME_UPDATED) VALUES ('9EC2B88D3CDF4D7FA34D0078AAF87944', 'UPDATE_USER', 'Create user', 0, NULL, NULL, NOW(), NOW());
INSERT INTO PERMISSION (ID, UNIQUE_NAME, DESCRIPTION, VERSION, CREATED_BY_USER, MODIFIED_BY_USER, TIME_CREATED, TIME_UPDATED) VALUES ('CC646B8E51834944B68F26B3370CEF0E', 'DELETE_USER', 'Delete user', 0, NULL, NULL, NOW(), NOW());
INSERT INTO PERMISSION (ID, UNIQUE_NAME, DESCRIPTION, VERSION, CREATED_BY_USER, MODIFIED_BY_USER, TIME_CREATED, TIME_UPDATED) VALUES ('9EB85D29BA88467994505D3F03706135', 'CREATE_BRAND', 'Create brand', 0, NULL, NULL, NOW(), NOW());
INSERT INTO PERMISSION (ID, UNIQUE_NAME, DESCRIPTION, VERSION, CREATED_BY_USER, MODIFIED_BY_USER, TIME_CREATED, TIME_UPDATED) VALUES ('B092B2F437F248A79316F322AD067C98', 'DELETE_BRAND', 'Delete brand', 0, NULL, NULL, NOW(), NOW());
INSERT INTO PERMISSION (ID, UNIQUE_NAME, DESCRIPTION, VERSION, CREATED_BY_USER, MODIFIED_BY_USER, TIME_CREATED, TIME_UPDATED) VALUES ('038370FA8CD94775A95AC65B204D6EDF', 'UPDATE_BRAND', 'Update brand', 0, NULL, NULL, NOW(), NOW());
INSERT INTO PERMISSION (ID, UNIQUE_NAME, DESCRIPTION, VERSION, CREATED_BY_USER, MODIFIED_BY_USER, TIME_CREATED, TIME_UPDATED) VALUES ('E9190A8DDAFB49EE8BB78EAA61BCF6B4', 'READ_BRAND', 'Read brand', 0, NULL, NULL, NOW(), NOW());
INSERT INTO PERMISSION (ID, UNIQUE_NAME, DESCRIPTION, VERSION, CREATED_BY_USER, MODIFIED_BY_USER, TIME_CREATED, TIME_UPDATED) VALUES ('ED7594B9F1CB4368884CB347C2BE70A5', 'CREATE_MODEL', 'Create model', 0, NULL, NULL, NOW(), NOW());
INSERT INTO PERMISSION (ID, UNIQUE_NAME, DESCRIPTION, VERSION, CREATED_BY_USER, MODIFIED_BY_USER, TIME_CREATED, TIME_UPDATED) VALUES ('74CED946B9DE4638A8A44AF271F19194', 'UPDATE_MODEL', 'Update model', 0, NULL, NULL, NOW(), NOW());
INSERT INTO PERMISSION (ID, UNIQUE_NAME, DESCRIPTION, VERSION, CREATED_BY_USER, MODIFIED_BY_USER, TIME_CREATED, TIME_UPDATED) VALUES ('B2B1B6C2A5404F72BBBE10B8B330365D', 'DELETE_MODEL', 'Delete model', 0, NULL, NULL, NOW(), NOW());
INSERT INTO PERMISSION (ID, UNIQUE_NAME, DESCRIPTION, VERSION, CREATED_BY_USER, MODIFIED_BY_USER, TIME_CREATED, TIME_UPDATED) VALUES ('71A2B792A34247CC9F18A2EF065D1B45', 'READ_MODEL', 'Read model', 0, NULL, NULL, NOW(), NOW());
INSERT INTO PERMISSION (ID, UNIQUE_NAME, DESCRIPTION, VERSION, CREATED_BY_USER, MODIFIED_BY_USER, TIME_CREATED, TIME_UPDATED) VALUES ('290752E6B3BF4FB188D9B5F1BCA191EC', 'CREATE_VARIANT', 'Create variant', 0, NULL, NULL, NOW(), NOW());
INSERT INTO PERMISSION (ID, UNIQUE_NAME, DESCRIPTION, VERSION, CREATED_BY_USER, MODIFIED_BY_USER, TIME_CREATED, TIME_UPDATED) VALUES ('8CEBD3034DBF483F8BA38BD969B63EA6', 'UPDATE_VARIANT', 'Update variant', 0, NULL, NULL, NOW(), NOW());
INSERT INTO PERMISSION (ID, UNIQUE_NAME, DESCRIPTION, VERSION, CREATED_BY_USER, MODIFIED_BY_USER, TIME_CREATED, TIME_UPDATED) VALUES ('A1F43BB68B9311E89EB6529269FB1459', 'DELETE_VARIANT', 'Delete variant', 0, NULL, NULL, NOW(), NOW());
INSERT INTO PERMISSION (ID, UNIQUE_NAME, DESCRIPTION, VERSION, CREATED_BY_USER, MODIFIED_BY_USER, TIME_CREATED, TIME_UPDATED) VALUES ('D91B464DF82D4E90B6899134A4C520A3', 'READ_VARIANT', 'Read variant', 0, NULL, NULL, NOW(), NOW());
INSERT INTO PERMISSION (ID, UNIQUE_NAME, DESCRIPTION, VERSION, CREATED_BY_USER, MODIFIED_BY_USER, TIME_CREATED, TIME_UPDATED) VALUES ('977C1A8135F441EF8178DED84312B66F', 'CREATE_PART', 'Create part', 0, NULL, NULL, NOW(), NOW());
INSERT INTO PERMISSION (ID, UNIQUE_NAME, DESCRIPTION, VERSION, CREATED_BY_USER, MODIFIED_BY_USER, TIME_CREATED, TIME_UPDATED) VALUES ('394BC00FADAF4B8E86744A765328DB62', 'UPDATE_PART', 'Update part', 0, NULL, NULL, NOW(), NOW());
INSERT INTO PERMISSION (ID, UNIQUE_NAME, DESCRIPTION, VERSION, CREATED_BY_USER, MODIFIED_BY_USER, TIME_CREATED, TIME_UPDATED) VALUES ('41610FEA664541F485ADFE5039E0EC27', 'DELETE_PART', 'Delete part', 0, NULL, NULL, NOW(), NOW());
INSERT INTO PERMISSION (ID, UNIQUE_NAME, DESCRIPTION, VERSION, CREATED_BY_USER, MODIFIED_BY_USER, TIME_CREATED, TIME_UPDATED) VALUES ('200CC4E0B60B446686DDE8F2C8D2B840', 'READ_PART', 'Read part', 0, NULL, NULL, NOW(), NOW());

-- Roles
INSERT INTO ROLE (ID, UNIQUE_NAME, DESCRIPTION, VERSION, CREATED_BY_USER, MODIFIED_BY_USER, TIME_CREATED, TIME_UPDATED) VALUES ('F1BD130A6F2F11E8ADC0FA7AE01BBEBC', 'ADMIN', 'aministrator', 0, NULL, NULL, NOW(), NOW());
INSERT INTO ROLE (ID, UNIQUE_NAME, DESCRIPTION, VERSION, CREATED_BY_USER, MODIFIED_BY_USER, TIME_CREATED, TIME_UPDATED) VALUES ('DD6F14ED65A94B20B7F8BEEB0523511F', 'LEAD', 'Team Lead', 0, NULL, NULL, NOW(), NOW());

--Role Permissions
INSERT INTO ROLE_PERMISSION (ROLE_ID, PERMISSION_ID) VALUES ('F1BD130A6F2F11E8ADC0FA7AE01BBEBC', '4781E7D9752D4D35B9DAD157ED2574FF'); -- CREATE_USER
INSERT INTO ROLE_PERMISSION (ROLE_ID, PERMISSION_ID) VALUES ('F1BD130A6F2F11E8ADC0FA7AE01BBEBC', '9EC2B88D3CDF4D7FA34D0078AAF87944'); -- UPDATE_USER
INSERT INTO ROLE_PERMISSION (ROLE_ID, PERMISSION_ID) VALUES ('F1BD130A6F2F11E8ADC0FA7AE01BBEBC', 'CC646B8E51834944B68F26B3370CEF0E'); -- DELETE_USER
INSERT INTO ROLE_PERMISSION (ROLE_ID, PERMISSION_ID) VALUES ('F1BD130A6F2F11E8ADC0FA7AE01BBEBC', '9EB85D29BA88467994505D3F03706135'); -- CREATE_BRAND
INSERT INTO ROLE_PERMISSION (ROLE_ID, PERMISSION_ID) VALUES ('F1BD130A6F2F11E8ADC0FA7AE01BBEBC', 'B092B2F437F248A79316F322AD067C98'); -- DELETE_BRAND
INSERT INTO ROLE_PERMISSION (ROLE_ID, PERMISSION_ID) VALUES ('F1BD130A6F2F11E8ADC0FA7AE01BBEBC', '038370FA8CD94775A95AC65B204D6EDF'); -- UPDATE_BRAND
INSERT INTO ROLE_PERMISSION (ROLE_ID, PERMISSION_ID) VALUES ('F1BD130A6F2F11E8ADC0FA7AE01BBEBC', 'E9190A8DDAFB49EE8BB78EAA61BCF6B4'); -- READ_BRAND
INSERT INTO ROLE_PERMISSION (ROLE_ID, PERMISSION_ID) VALUES ('F1BD130A6F2F11E8ADC0FA7AE01BBEBC', 'ED7594B9F1CB4368884CB347C2BE70A5'); -- CREATE_MODEL
INSERT INTO ROLE_PERMISSION (ROLE_ID, PERMISSION_ID) VALUES ('F1BD130A6F2F11E8ADC0FA7AE01BBEBC', '74CED946B9DE4638A8A44AF271F19194'); -- UPDATE_MODEL
INSERT INTO ROLE_PERMISSION (ROLE_ID, PERMISSION_ID) VALUES ('F1BD130A6F2F11E8ADC0FA7AE01BBEBC', 'B2B1B6C2A5404F72BBBE10B8B330365D'); -- DELETE_MODEL
INSERT INTO ROLE_PERMISSION (ROLE_ID, PERMISSION_ID) VALUES ('F1BD130A6F2F11E8ADC0FA7AE01BBEBC', '71A2B792A34247CC9F18A2EF065D1B45'); -- READ_MODEL
INSERT INTO ROLE_PERMISSION (ROLE_ID, PERMISSION_ID) VALUES ('F1BD130A6F2F11E8ADC0FA7AE01BBEBC', '290752E6B3BF4FB188D9B5F1BCA191EC'); -- CREATE_VARIANT
INSERT INTO ROLE_PERMISSION (ROLE_ID, PERMISSION_ID) VALUES ('F1BD130A6F2F11E8ADC0FA7AE01BBEBC', '8CEBD3034DBF483F8BA38BD969B63EA6'); -- UPDATE_VARIANT
INSERT INTO ROLE_PERMISSION (ROLE_ID, PERMISSION_ID) VALUES ('F1BD130A6F2F11E8ADC0FA7AE01BBEBC', 'A1F43BB68B9311E89EB6529269FB1459'); -- DELETE_VARIANT
INSERT INTO ROLE_PERMISSION (ROLE_ID, PERMISSION_ID) VALUES ('F1BD130A6F2F11E8ADC0FA7AE01BBEBC', 'D91B464DF82D4E90B6899134A4C520A3'); -- READ_VARIANT
INSERT INTO ROLE_PERMISSION (ROLE_ID, PERMISSION_ID) VALUES ('F1BD130A6F2F11E8ADC0FA7AE01BBEBC', '977C1A8135F441EF8178DED84312B66F'); -- CREATE_PART
INSERT INTO ROLE_PERMISSION (ROLE_ID, PERMISSION_ID) VALUES ('F1BD130A6F2F11E8ADC0FA7AE01BBEBC', '394BC00FADAF4B8E86744A765328DB62'); -- UPDATE_PART
INSERT INTO ROLE_PERMISSION (ROLE_ID, PERMISSION_ID) VALUES ('F1BD130A6F2F11E8ADC0FA7AE01BBEBC', '41610FEA664541F485ADFE5039E0EC27'); -- DELETE_PART
INSERT INTO ROLE_PERMISSION (ROLE_ID, PERMISSION_ID) VALUES ('F1BD130A6F2F11E8ADC0FA7AE01BBEBC', '200CC4E0B60B446686DDE8F2C8D2B840'); -- READ_PART

-- ORG
INSERT INTO ORG (id, unique_name, created_by_user, modified_by_user, time_created, time_updated, version)
VALUES ('0DE7E64ECDE94AFB935D6C77098F8F18', 'asahi', NULL, NULL, NOW(), NOW(), 0);

INSERT INTO ORG (id, unique_name, created_by_user, modified_by_user, time_created, time_updated, version)
VALUES ('0361E9340682421B9E3EF8BB3B251B27', 'jbm', NULL, NULL, NOW(), NOW(), 0);

-- admin users
INSERT INTO SA_USER (id, username, password, first_name, last_name, email, active, created_by_user, modified_by_user, time_created, time_updated, version, org_id)
VALUES ('77ECEB74CDE74B1AA04047B20E6FED77','shams', '$2a$04$DpvSzYDd8ChJmpYuN6bXTOyVVgjxGeqhAw0n5VrPYh2lS.zWZiVjy', 'shams', 'tabrez', 'shams.tabrez11@gmail.com', 1, NULL, NULL, NOW(), NOW(), 0, '0DE7E64ECDE94AFB935D6C77098F8F18');
INSERT INTO USER_ROLE (USER_ID, ROLE_ID) VALUES ('77ECEB74CDE74B1AA04047B20E6FED77', 'F1BD130A6F2F11E8ADC0FA7AE01BBEBC');

INSERT INTO SA_USER (id, username, password, first_name, last_name, email, active, created_by_user, modified_by_user, time_created, time_updated, version, org_id)
VALUES ('FBB4280F964945019DE711CD72C42DC2','afreen', '$2a$04$yJDYAjGMPx6M8Uzrum.b8.WZy2k9suE4heCm.RB8j9jX70tv1bltS', 'afreen', 'inamdar', 'afreeninamdar20@gmail.com', 1, NULL, NULL, NOW(), NOW(), 0, '0361E9340682421B9E3EF8BB3B251B27');
INSERT INTO USER_ROLE (USER_ID, ROLE_ID) VALUES ('FBB4280F964945019DE711CD72C42DC2', 'F1BD130A6F2F11E8ADC0FA7AE01BBEBC');

-- lead users
INSERT INTO SA_USER (id, username, password, first_name, last_name, email, active, created_by_user, modified_by_user, time_created, time_updated, version, org_id)
VALUES ('41B15CEBD00C46A3AB36C98C8A5E83CB','khaja', '$2a$04$ZN9Nn3yxsE7rxQc3xpCnxO4OcfYqkqPvWjhe0yP1Fc5pxJ99Ad9tO', 'khaja', 'moin', 'khaja@gmail.com', 1, NULL, NULL, NOW(), NOW(), 0, '0DE7E64ECDE94AFB935D6C77098F8F18');
INSERT INTO USER_ROLE (USER_ID, ROLE_ID) VALUES ('41B15CEBD00C46A3AB36C98C8A5E83CB', 'DD6F14ED65A94B20B7F8BEEB0523511F');
